1,what fugiat id cupidatat do ex ipsum?,quis,cupidatat,nisi,eiusmod,quis
2,what anim enim Duis do?,incididunt,amet,velit,ut,velit
3,what enim enim laboris fugiat?,nisi,et,incididunt,consectetur,consectetur
4,what ex et in dolore nostrud mollit enim sit est enim?,exercitation,voluptate,elit,cillum,voluptate
5,what ut amet cillum sint ex adipiscing ut?,ullamco,irure,eu,ea,eu
6,what irure nostrud in exercitation?,sint,velit,labore,sit,velit
7,what ipsum fugiat in?,fugiat,dolore,cillum,minim,minim
8,what culpa mollit id aliquip commodo reprehenderit reprehenderit ad?,quis,cupidatat,deserunt,sit,quis
9,what cupidatat elit sunt dolor exercitation mollit dolore?,et,ullamco,id,qui,qui
10,what irure dolor sunt in incididunt sunt?,mollit,nisi,ut,dolore,dolore
11,what ut enim anim dolor occaecat sint adipiscing in?,consectetur,ea,ex,nulla,consectetur
12,what commodo quis aute eu anim nulla?,exercitation,culpa,deserunt,do,deserunt
13,what tempor do quis amet anim eu sit Ut consectetur nulla labore?,in,labore,dolor,nulla,dolor
14,what officia magna non commodo anim id ex irure ea do ullamco quis?,sunt,fugiat,incididunt,adipiscing,incididunt
15,what mollit sint quis est amet nulla?,cupidatat,fugiat,cillum,et,cillum
16,what sunt magna in?,ad,dolore,esse,amet,amet
17,what ea exercitation nulla tempor?,dolore,tempor,in,ipsum,tempor
18,what dolor occaecat fugiat?,cupidatat,dolor,in,irure,cupidatat
19,what mollit cillum commodo est sint deserunt sit cupidatat adipiscing dolore eu?,id,et,elit,magna,elit
20,what cupidatat et occaecat velit culpa?,ad,sit,cupidatat,occaecat,cupidatat
21,what tempor non ea eiusmod incididunt?,nisi,aliquip,in,ex,ex
22,what fugiat sint ut consectetur magna nulla enim culpa magna?,sed,velit,nulla,eu,velit
23,what Excepteur Excepteur esse?,laboris,eiusmod,ea,nulla,nulla
24,what amet voluptate labore Excepteur enim irure est ipsum velit nisi ut?,voluptate,qui,minim,Duis,Duis
25,what laboris ex ut mollit culpa labore ad?,cupidatat,dolore,sint,exercitation,sint
